# database	owning-service	sentinel-table	extensions
# Schema markers checked together with successful Flyway history and owning-service health.
# Read by reset_remote_db.sh, wait_for_schemas.sh and dummy-data.sh -- keep it in ONE place
# so the scripts cannot drift. Two hand-maintained copies had already drifted (7 vs 10 entries).
# reviews_db and ondc_db are excluded: those services are parked and would never re-migrate.
# Extensions live IN the public schema and are dropped with it -- recreating only restaurant_db's
# postgis left three other services without theirs and their migrations failed on boot.
identity_db	identity-service	users	-
customer_db	customer-service	orders.manual_intervention_operation_id	postgis
delivery_db	delivery-service	order_assignments.version	postgis
restaurant_db	restaurant-service	outlets.city_id	postgis
government_id_db	government-id-service	brand_bank_details.updated_at	-
payment_db	payment-gateway	payment_intents	pgcrypto
notification_db	communication-integration	notification_templates	-
ledger_db	ledger-service	ledger_entries	-
chat_db	chat-service	chat_sessions	-
wallet_db	wallet-service	wallets	-
campaign_db	campaign-service	campaigns	-
budget_db	budget-pacing-service	qrtz_job_details	-
